[
  {
    "title": "「明日系列文化科技」从澳门起航",
    "date": "2025年2月1日",
    "source": "中国新闻网",
    "link": "https://m.chinanews.com/wap/detail/chs/zw/hm679d880c6e9bde64d68002af.shtml"
  },
  {
    "title": "澳门未来视野“明日剧场”亮相上海进博会",
    "date": "2024年11月9日",
    "source": "中国新闻网",
    "link": "https://m.chinanews.com/wap/detail/chs/zw/hm672f29d6698c7f57ec283225.shtml"
  },
  {
    "title": "澳门未来视野「明日剧场」亮相第七届上海进博会",
    "date": "2024年11月8日",
    "source": "澳门市民日报",
    "link": "https://shimin.expo.macauo2o.com/blog-details.html?id=1854834635613732866&share=1"
  },
  {
    "title": "未来视野「明日剧场」亮相澳门「2024科技周暨创科成果展」",
    "date": "2024年10月22日",
    "source": "澳门市民日报",
    "link": "https://shimin.expo.macauo2o.com/blog-details.html?id=1846526118876217346&share=1"
  },
  {
    "title": "未来视野「明日剧场」亮相澳门“2024科技周暨创科成果展”",
    "date": "2024年10月16日",
    "source": "中国新闻网",
    "link": "https://m.chinanews.com/wap/detail/chs/zw/hm670fbfd92e1aca397647b1d0.shtml"
  },
  {
    "title": "未来视野「明日剧场」 亮相京港澳高质量发展",
    "date": "2024年9月28日",
    "source": "澳门市民日报",
    "link": "https://shimin.expo.macauo2o.com/player/detail?id=1839842247514324994&share=1"
  },
  {
    "title": "未来视野“明日剧场”亮相京港澳高质量发展科技项目路演对接会",
    "date": "2024年9月29日",
    "source": "中国新闻网",
    "link": "https://m.chinanews.com/wap/detail/chs/zw/hm66f8367e7b5e8d6ce00c9869.shtml"
  },
  {
    "title": "“明日剧场”人工智能虚拟剧场亮相上海“未见UNSEEN第二届学研工作坊论坛”",
    "date": "2024年6月15日",
    "source": "中国新闻网",
    "link": "https://m.chinanews.com/wap/detail/cht/zw/fthm666c75d219074f3b767c03ea.shtml"
  },
  {
    "title": "明日剧场团队数字光雕作品《生生不息》亮相湾区2024深圳设计周",
    "date": "2024年5月1日",
    "source": "百度",
    "link": "https://mbd.baidu.com/newspage/data/landingsuper?sShare=1&context=%7B%22nid%22%3A%22news_10198061216420434404%22,%22sourceFrom%22%3A%22bjh%22%7D"
  },
  {
    "title": "明日劇場團隊數字光雕作品《生生不息》亮相灣區2024深圳設計周",
    "date": "2024年4月30日",
    "source": "今日头条",
    "link": "https://www.toutiao.com/article/7363601909938143778/?app=news_arti&timestamp=1714521421&use_new_style=1&req_id=20240501075700ADBE809158D4D41D3367&group_id=7363601909938143778&wxshare_count=2&tt_from=weixin&utm_source=weixin&utm_medium=toutiao_android&utm_campaign=client_share"
  },
  {
    "title": "「明日剧场」团队数字光雕作品《生生不息》亮相湾区2024深圳设计周",
    "date": "2024年4月30日",
    "source": "中国新闻网",
    "link": "https://m.chinanews.com/wap/detail/cht/zw/fthm6630c9b92a73d526b92077b1.shtml"
  },
  {
    "title": "「明日剧场」项目入驻澳门青创中心，打造艺、科、教相融数智化教育链路",
    "date": "2024年4月",
    "source": "北师大未来设计学院",
    "link": "https://mp.weixin.qq.com/s/w2pSuoeLxQOAtbpKzeWqsA"
  },
  {
    "title": "澳门市民日报，澳门青年创业孵化中心「明日剧场」应邀参加北京市三帆中学艺术节",
    "date": "2024年4月",
    "source": "MO微资讯",
    "link": "https://mp.weixin.qq.com/s/Q50NsH-Q3BUIyQ0eUeW-wg"
  },
  {
    "title": "澳门「明日剧场-超时空沉浸式智慧展演平台」应邀参加北京市三帆中学艺术节",
    "date": "2024年4月",
    "source": "中国新闻网",
    "link": "https://m.chinanews.com/wap/detail/chs/zw/hm660c05c72dafab52d80ff442.shtml"
  },
  {
    "title": "「明日剧场」 超时空的沉浸式智慧展演平台",
    "date": "2024年3月",
    "source": "澳门青年创业孵化中心",
    "link": "https://mp.weixin.qq.com/s/fYwm2rKGK7flUL_Uy-UMiw"
  },
  {
    "title": "探索「明日剧场」 | 虚拟线上展演平台的无限可能",
    "date": "2024年2月",
    "source": "其境在线",
    "link": "https://mp.weixin.qq.com/s/fSZ1rZILvRrQ1Y6829sI_A"
  },
  {
    "title": "「明日剧场」科技团队入驻澳门青创中心",
    "date": "2024年2月",
    "source": "澳门《市民日报》",
    "link": "https://news.shimindaily.net/news/article?id=c5365169-7593-4c6c-87a8-e3f21d7cb652"
  },
  {
    "title": "「明日剧场」科技团队入驻澳门青创中心",
    "date": "2024年2月",
    "source": "中国新闻网",
    "link": "https://m.chinanews.com/wap/detail/chs/zw/hm65e08f05ff57516a9f6e75b7.shtml"
  },
  {
    "title": "黑马计划 | 「明日剧场」—面向未来的元宇宙展演平台",
    "date": "2023年11月",
    "source": "Unity官方",
    "link": "https://mp.weixin.qq.com/s/Kd40NVfTvSoluuAYgrh_og"
  },
  {
    "title": "「明日劇場」：面向未來的沈浸式展演平台",
    "date": "2022年9月",
    "source": "ＭＯＣＡ藝術",
    "link": "https://mp.weixin.qq.com/s/YBabTNniIeFdkUygs1Ju-A"
  },
  {
    "title": "Wizard of technology casts his spell",
    "date": "2022年3月",
    "source": "中國日報",
    "link": "https://enapp.chinadaily.com.cn/a/202203/16/AP623196b8a3104446d8d134e7.html"
  },
  {
    "title": "北師大「未來設計種子基金」項目｜明日劇場：未來展演平台",
    "date": "2022年2月",
    "source": "北師大未來設計學院",
    "link": "https://mp.weixin.qq.com/s/wQxRuQ6TDugZAWyoT9R_eQ"
  }
]
